ID_Tiempo,Dia,Mes,Anio
1,1,1,2018
2,2,1,2018
3,3,1,2018
4,4,1,2018
5,5,1,2018
6,6,1,2018
7,7,1,2018
8,8,1,2018
9,9,1,2018
10,10,1,2018
11,11,1,2018
12,12,1,2018
13,13,1,2018
14,14,1,2018
15,15,1,2018
16,16,1,2018
17,17,1,2018
18,18,1,2018
19,19,1,2018
20,20,1,2018
21,21,1,2018
22,22,1,2018
23,23,1,2018
24,24,1,2018
25,25,1,2018
26,26,1,2018
27,27,1,2018
28,28,1,2018
29,29,1,2018
30,30,1,2018
31,31,1,2018
32,1,2,2018
33,2,2,2018
34,3,2,2018
35,4,2,2018
36,5,2,2018
37,6,2,2018
38,7,2,2018
39,8,2,2018
40,9,2,2018
41,10,2,2018
42,11,2,2018
43,12,2,2018
44,13,2,2018
45,14,2,2018
46,15,2,2018
47,16,2,2018
48,17,2,2018
49,18,2,2018
50,19,2,2018
51,20,2,2018
52,21,2,2018
53,22,2,2018
54,23,2,2018
55,24,2,2018
56,25,2,2018
57,26,2,2018
58,27,2,2018
59,28,2,2018
60,1,3,2018
61,2,3,2018
62,3,3,2018
63,4,3,2018
64,5,3,2018
65,6,3,2018
66,7,3,2018
67,8,3,2018
68,9,3,2018
69,10,3,2018
70,11,3,2018
71,12,3,2018
72,13,3,2018
73,14,3,2018
74,15,3,2018
75,16,3,2018
76,17,3,2018
77,18,3,2018
78,19,3,2018
79,20,3,2018
80,21,3,2018
81,22,3,2018
82,23,3,2018
83,24,3,2018
84,25,3,2018
85,26,3,2018
86,27,3,2018
87,28,3,2018
88,29,3,2018
89,30,3,2018
90,31,3,2018
91,1,4,2018
92,2,4,2018
93,3,4,2018
94,4,4,2018
95,5,4,2018
96,6,4,2018
97,7,4,2018
98,8,4,2018
99,9,4,2018
100,10,4,2018
101,11,4,2018
102,12,4,2018
103,13,4,2018
104,14,4,2018
105,15,4,2018
106,16,4,2018
107,17,4,2018
108,18,4,2018
109,19,4,2018
110,20,4,2018
111,21,4,2018
112,22,4,2018
113,23,4,2018
114,24,4,2018
115,25,4,2018
116,26,4,2018
117,27,4,2018
118,28,4,2018
119,29,4,2018
120,30,4,2018
121,1,5,2018
122,2,5,2018
123,3,5,2018
124,4,5,2018
125,5,5,2018
126,6,5,2018
127,7,5,2018
128,8,5,2018
129,9,5,2018
130,10,5,2018
131,11,5,2018
132,12,5,2018
133,13,5,2018
134,14,5,2018
135,15,5,2018
136,16,5,2018
137,17,5,2018
138,18,5,2018
139,19,5,2018
140,20,5,2018
141,21,5,2018
142,22,5,2018
143,23,5,2018
144,24,5,2018
145,25,5,2018
146,26,5,2018
147,27,5,2018
148,28,5,2018
149,29,5,2018
150,30,5,2018
151,31,5,2018
152,1,6,2018
153,2,6,2018
154,3,6,2018
155,4,6,2018
156,5,6,2018
157,6,6,2018
158,7,6,2018
159,8,6,2018
160,9,6,2018
161,10,6,2018
162,11,6,2018
163,12,6,2018
164,13,6,2018
165,14,6,2018
166,15,6,2018
167,16,6,2018
168,17,6,2018
169,18,6,2018
170,19,6,2018
171,20,6,2018
172,21,6,2018
173,22,6,2018
174,23,6,2018
175,24,6,2018
176,25,6,2018
177,26,6,2018
178,27,6,2018
179,28,6,2018
180,29,6,2018
181,30,6,2018
182,1,7,2018
183,2,7,2018
184,3,7,2018
185,4,7,2018
186,5,7,2018
187,6,7,2018
188,7,7,2018
189,8,7,2018
190,9,7,2018
191,10,7,2018
192,11,7,2018
193,12,7,2018
194,13,7,2018
195,14,7,2018
196,15,7,2018
197,16,7,2018
198,17,7,2018
199,18,7,2018
200,19,7,2018
201,20,7,2018
202,21,7,2018
203,22,7,2018
204,23,7,2018
205,24,7,2018
206,25,7,2018
207,26,7,2018
208,27,7,2018
209,28,7,2018
210,29,7,2018
211,30,7,2018
212,31,7,2018
213,1,8,2018
214,2,8,2018
215,3,8,2018
216,4,8,2018
217,5,8,2018
218,6,8,2018
219,7,8,2018
220,8,8,2018
221,9,8,2018
222,10,8,2018
223,11,8,2018
224,12,8,2018
225,13,8,2018
226,14,8,2018
227,15,8,2018
228,16,8,2018
229,17,8,2018
230,18,8,2018
231,19,8,2018
232,20,8,2018
233,21,8,2018
234,22,8,2018
235,23,8,2018
236,24,8,2018
237,25,8,2018
238,26,8,2018
239,27,8,2018
240,28,8,2018
241,29,8,2018
242,30,8,2018
243,31,8,2018
244,1,9,2018
245,2,9,2018
246,3,9,2018
247,4,9,2018
248,5,9,2018
249,6,9,2018
250,7,9,2018
251,8,9,2018
252,9,9,2018
253,10,9,2018
254,11,9,2018
255,12,9,2018
256,13,9,2018
257,14,9,2018
258,15,9,2018
259,16,9,2018
260,17,9,2018
261,18,9,2018
262,19,9,2018
263,20,9,2018
264,21,9,2018
265,22,9,2018
266,23,9,2018
267,24,9,2018
268,25,9,2018
269,26,9,2018
270,27,9,2018
271,28,9,2018
272,29,9,2018
273,30,9,2018
274,1,10,2018
275,2,10,2018
276,3,10,2018
277,4,10,2018
278,5,10,2018
279,6,10,2018
280,7,10,2018
281,8,10,2018
282,9,10,2018
283,10,10,2018
284,11,10,2018
285,12,10,2018
286,13,10,2018
287,14,10,2018
288,15,10,2018
289,16,10,2018
290,17,10,2018
291,18,10,2018
292,19,10,2018
293,20,10,2018
294,21,10,2018
295,22,10,2018
296,23,10,2018
297,24,10,2018
298,25,10,2018
299,26,10,2018
300,27,10,2018
301,28,10,2018
302,29,10,2018
303,30,10,2018
304,31,10,2018
305,1,11,2018
306,2,11,2018
307,3,11,2018
308,4,11,2018
309,5,11,2018
310,6,11,2018
311,7,11,2018
312,8,11,2018
313,9,11,2018
314,10,11,2018
315,11,11,2018
316,12,11,2018
317,13,11,2018
318,14,11,2018
319,15,11,2018
320,16,11,2018
321,17,11,2018
322,18,11,2018
323,19,11,2018
324,20,11,2018
325,21,11,2018
326,22,11,2018
327,23,11,2018
328,24,11,2018
329,25,11,2018
330,26,11,2018
331,27,11,2018
332,28,11,2018
333,29,11,2018
334,30,11,2018
335,1,12,2018
336,2,12,2018
337,3,12,2018
338,4,12,2018
339,5,12,2018
340,6,12,2018
341,7,12,2018
342,8,12,2018
343,9,12,2018
344,10,12,2018
345,11,12,2018
346,12,12,2018
347,13,12,2018
348,14,12,2018
349,15,12,2018
350,16,12,2018
351,17,12,2018
352,18,12,2018
353,19,12,2018
354,20,12,2018
355,21,12,2018
356,22,12,2018
357,23,12,2018
358,24,12,2018
359,25,12,2018
360,26,12,2018
361,27,12,2018
362,28,12,2018
363,29,12,2018
364,30,12,2018
365,31,12,2018
366,1,1,2019
367,2,1,2019
368,3,1,2019
369,4,1,2019
370,5,1,2019
371,6,1,2019
372,7,1,2019
373,8,1,2019
374,9,1,2019
375,10,1,2019
376,11,1,2019
377,12,1,2019
378,13,1,2019
379,14,1,2019
380,15,1,2019
381,16,1,2019
382,17,1,2019
383,18,1,2019
384,19,1,2019
385,20,1,2019
386,21,1,2019
387,22,1,2019
388,23,1,2019
389,24,1,2019
390,25,1,2019
391,26,1,2019
392,27,1,2019
393,28,1,2019
394,29,1,2019
395,30,1,2019
396,31,1,2019
397,1,2,2019
398,2,2,2019
399,3,2,2019
400,4,2,2019
401,5,2,2019
402,6,2,2019
403,7,2,2019
404,8,2,2019
405,9,2,2019
406,10,2,2019
407,11,2,2019
408,12,2,2019
409,13,2,2019
410,14,2,2019
411,15,2,2019
412,16,2,2019
413,17,2,2019
414,18,2,2019
415,19,2,2019
416,20,2,2019
417,21,2,2019
418,22,2,2019
419,23,2,2019
420,24,2,2019
421,25,2,2019
422,26,2,2019
423,27,2,2019
424,28,2,2019
425,1,3,2019
426,2,3,2019
427,3,3,2019
428,4,3,2019
429,5,3,2019
430,6,3,2019
431,7,3,2019
432,8,3,2019
433,9,3,2019
434,10,3,2019
435,11,3,2019
436,12,3,2019
437,13,3,2019
438,14,3,2019
439,15,3,2019
440,16,3,2019
441,17,3,2019
442,18,3,2019
443,19,3,2019
444,20,3,2019
445,21,3,2019
446,22,3,2019
447,23,3,2019
448,24,3,2019
449,25,3,2019
450,26,3,2019
451,27,3,2019
452,28,3,2019
453,29,3,2019
454,30,3,2019
455,31,3,2019
456,1,4,2019
457,2,4,2019
458,3,4,2019
459,4,4,2019
460,5,4,2019
461,6,4,2019
462,7,4,2019
463,8,4,2019
464,9,4,2019
465,10,4,2019
466,11,4,2019
467,12,4,2019
468,13,4,2019
469,14,4,2019
470,15,4,2019
471,16,4,2019
472,17,4,2019
473,18,4,2019
474,19,4,2019
475,20,4,2019
476,21,4,2019
477,22,4,2019
478,23,4,2019
479,24,4,2019
480,25,4,2019
481,26,4,2019
482,27,4,2019
483,28,4,2019
484,29,4,2019
485,30,4,2019
486,1,5,2019
487,2,5,2019
488,3,5,2019
489,4,5,2019
490,5,5,2019
491,6,5,2019
492,7,5,2019
493,8,5,2019
494,9,5,2019
495,10,5,2019
496,11,5,2019
497,12,5,2019
498,13,5,2019
499,14,5,2019
500,15,5,2019
501,16,5,2019
502,17,5,2019
503,18,5,2019
504,19,5,2019
505,20,5,2019
506,21,5,2019
507,22,5,2019
508,23,5,2019
509,24,5,2019
510,25,5,2019
511,26,5,2019
512,27,5,2019
513,28,5,2019
514,29,5,2019
515,30,5,2019
516,31,5,2019
517,1,6,2019
518,2,6,2019
519,3,6,2019
520,4,6,2019
521,5,6,2019
522,6,6,2019
523,7,6,2019
524,8,6,2019
525,9,6,2019
526,10,6,2019
527,11,6,2019
528,12,6,2019
529,13,6,2019
530,14,6,2019
531,15,6,2019
532,16,6,2019
533,17,6,2019
534,18,6,2019
535,19,6,2019
536,20,6,2019
537,21,6,2019
538,22,6,2019
539,23,6,2019
540,24,6,2019
541,25,6,2019
542,26,6,2019
543,27,6,2019
544,28,6,2019
545,29,6,2019
546,30,6,2019
547,1,7,2019
548,2,7,2019
549,3,7,2019
550,4,7,2019
551,5,7,2019
552,6,7,2019
553,7,7,2019
554,8,7,2019
555,9,7,2019
556,10,7,2019
557,11,7,2019
558,12,7,2019
559,13,7,2019
560,14,7,2019
561,15,7,2019
562,16,7,2019
563,17,7,2019
564,18,7,2019
565,19,7,2019
566,20,7,2019
567,21,7,2019
568,22,7,2019
569,23,7,2019
570,24,7,2019
571,25,7,2019
572,26,7,2019
573,27,7,2019
574,28,7,2019
575,29,7,2019
576,30,7,2019
577,31,7,2019
578,1,8,2019
579,2,8,2019
580,3,8,2019
581,4,8,2019
582,5,8,2019
583,6,8,2019
584,7,8,2019
585,8,8,2019
586,9,8,2019
587,10,8,2019
588,11,8,2019
589,12,8,2019
590,13,8,2019
591,14,8,2019
592,15,8,2019
593,16,8,2019
594,17,8,2019
595,18,8,2019
596,19,8,2019
597,20,8,2019
598,21,8,2019
599,22,8,2019
600,23,8,2019
601,24,8,2019
602,25,8,2019
603,26,8,2019
604,27,8,2019
605,28,8,2019
606,29,8,2019
607,30,8,2019
608,31,8,2019
609,1,9,2019
610,2,9,2019
611,3,9,2019
612,4,9,2019
613,5,9,2019
614,6,9,2019
615,7,9,2019
616,8,9,2019
617,9,9,2019
618,10,9,2019
619,11,9,2019
620,12,9,2019
621,13,9,2019
622,14,9,2019
623,15,9,2019
624,16,9,2019
625,17,9,2019
626,18,9,2019
627,19,9,2019
628,20,9,2019
629,21,9,2019
630,22,9,2019
631,23,9,2019
632,24,9,2019
633,25,9,2019
634,26,9,2019
635,27,9,2019
636,28,9,2019
637,29,9,2019
638,30,9,2019
639,1,10,2019
640,2,10,2019
641,3,10,2019
642,4,10,2019
643,5,10,2019
644,6,10,2019
645,7,10,2019
646,8,10,2019
647,9,10,2019
648,10,10,2019
649,11,10,2019
650,12,10,2019
651,13,10,2019
652,14,10,2019
653,15,10,2019
654,16,10,2019
655,17,10,2019
656,18,10,2019
657,19,10,2019
658,20,10,2019
659,21,10,2019
660,22,10,2019
661,23,10,2019
662,24,10,2019
663,25,10,2019
664,26,10,2019
665,27,10,2019
666,28,10,2019
667,29,10,2019
668,30,10,2019
669,31,10,2019
670,1,11,2019
671,2,11,2019
672,3,11,2019
673,4,11,2019
674,5,11,2019
675,6,11,2019
676,7,11,2019
677,8,11,2019
678,9,11,2019
679,10,11,2019
680,11,11,2019
681,12,11,2019
682,13,11,2019
683,14,11,2019
684,15,11,2019
685,16,11,2019
686,17,11,2019
687,18,11,2019
688,19,11,2019
689,20,11,2019
690,21,11,2019
691,22,11,2019
692,23,11,2019
693,24,11,2019
694,25,11,2019
695,26,11,2019
696,27,11,2019
697,28,11,2019
698,29,11,2019
699,30,11,2019
700,1,12,2019
701,2,12,2019
702,3,12,2019
703,4,12,2019
704,5,12,2019
705,6,12,2019
706,7,12,2019
707,8,12,2019
708,9,12,2019
709,10,12,2019
710,11,12,2019
711,12,12,2019
712,13,12,2019
713,14,12,2019
714,15,12,2019
715,16,12,2019
716,17,12,2019
717,18,12,2019
718,19,12,2019
719,20,12,2019
720,21,12,2019
721,22,12,2019
722,23,12,2019
723,24,12,2019
724,25,12,2019
725,26,12,2019
726,27,12,2019
727,28,12,2019
728,29,12,2019
729,30,12,2019
730,31,12,2019
731,1,1,2020
732,2,1,2020
733,3,1,2020
734,4,1,2020
735,5,1,2020
736,6,1,2020
737,7,1,2020
738,8,1,2020
739,9,1,2020
740,10,1,2020
741,11,1,2020
742,12,1,2020
743,13,1,2020
744,14,1,2020
745,15,1,2020
746,16,1,2020
747,17,1,2020
748,18,1,2020
749,19,1,2020
750,20,1,2020
751,21,1,2020
752,22,1,2020
753,23,1,2020
754,24,1,2020
755,25,1,2020
756,26,1,2020
757,27,1,2020
758,28,1,2020
759,29,1,2020
760,30,1,2020
761,31,1,2020
762,1,2,2020
763,2,2,2020
764,3,2,2020
765,4,2,2020
766,5,2,2020
767,6,2,2020
768,7,2,2020
769,8,2,2020
770,9,2,2020
771,10,2,2020
772,11,2,2020
773,12,2,2020
774,13,2,2020
775,14,2,2020
776,15,2,2020
777,16,2,2020
778,17,2,2020
779,18,2,2020
780,19,2,2020
781,20,2,2020
782,21,2,2020
783,22,2,2020
784,23,2,2020
785,24,2,2020
786,25,2,2020
787,26,2,2020
788,27,2,2020
789,28,2,2020
790,29,2,2020
791,1,3,2020
792,2,3,2020
793,3,3,2020
794,4,3,2020
795,5,3,2020
796,6,3,2020
797,7,3,2020
798,8,3,2020
799,9,3,2020
800,10,3,2020
801,11,3,2020
802,12,3,2020
803,13,3,2020
804,14,3,2020
805,15,3,2020
806,16,3,2020
807,17,3,2020
808,18,3,2020
809,19,3,2020
810,20,3,2020
811,21,3,2020
812,22,3,2020
813,23,3,2020
814,24,3,2020
815,25,3,2020
816,26,3,2020
817,27,3,2020
818,28,3,2020
819,29,3,2020
820,30,3,2020
821,31,3,2020
822,1,4,2020
823,2,4,2020
824,3,4,2020
825,4,4,2020
826,5,4,2020
827,6,4,2020
828,7,4,2020
829,8,4,2020
830,9,4,2020
831,10,4,2020
832,11,4,2020
833,12,4,2020
834,13,4,2020
835,14,4,2020
836,15,4,2020
837,16,4,2020
838,17,4,2020
839,18,4,2020
840,19,4,2020
841,20,4,2020
842,21,4,2020
843,22,4,2020
844,23,4,2020
845,24,4,2020
846,25,4,2020
847,26,4,2020
848,27,4,2020
849,28,4,2020
850,29,4,2020
851,30,4,2020
852,1,5,2020
853,2,5,2020
854,3,5,2020
855,4,5,2020
856,5,5,2020
857,6,5,2020
858,7,5,2020
859,8,5,2020
860,9,5,2020
861,10,5,2020
862,11,5,2020
863,12,5,2020
864,13,5,2020
865,14,5,2020
866,15,5,2020
867,16,5,2020
868,17,5,2020
869,18,5,2020
870,19,5,2020
871,20,5,2020
872,21,5,2020
873,22,5,2020
874,23,5,2020
875,24,5,2020
876,25,5,2020
877,26,5,2020
878,27,5,2020
879,28,5,2020
880,29,5,2020
881,30,5,2020
882,31,5,2020
883,1,6,2020
884,2,6,2020
885,3,6,2020
886,4,6,2020
887,5,6,2020
888,6,6,2020
889,7,6,2020
890,8,6,2020
891,9,6,2020
892,10,6,2020
893,11,6,2020
894,12,6,2020
895,13,6,2020
896,14,6,2020
897,15,6,2020
898,16,6,2020
899,17,6,2020
900,18,6,2020
901,19,6,2020
902,20,6,2020
903,21,6,2020
904,22,6,2020
905,23,6,2020
906,24,6,2020
907,25,6,2020
908,26,6,2020
909,27,6,2020
910,28,6,2020
911,29,6,2020
912,30,6,2020
913,1,7,2020
914,2,7,2020
915,3,7,2020
916,4,7,2020
917,5,7,2020
918,6,7,2020
919,7,7,2020
920,8,7,2020
921,9,7,2020
922,10,7,2020
923,11,7,2020
924,12,7,2020
925,13,7,2020
926,14,7,2020
927,15,7,2020
928,16,7,2020
929,17,7,2020
930,18,7,2020
931,19,7,2020
932,20,7,2020
933,21,7,2020
934,22,7,2020
935,23,7,2020
936,24,7,2020
937,25,7,2020
938,26,7,2020
939,27,7,2020
940,28,7,2020
941,29,7,2020
942,30,7,2020
943,31,7,2020
944,1,8,2020
945,2,8,2020
946,3,8,2020
947,4,8,2020
948,5,8,2020
949,6,8,2020
950,7,8,2020
951,8,8,2020
952,9,8,2020
953,10,8,2020
954,11,8,2020
955,12,8,2020
956,13,8,2020
957,14,8,2020
958,15,8,2020
959,16,8,2020
960,17,8,2020
961,18,8,2020
962,19,8,2020
963,20,8,2020
964,21,8,2020
965,22,8,2020
966,23,8,2020
967,24,8,2020
968,25,8,2020
969,26,8,2020
970,27,8,2020
971,28,8,2020
972,29,8,2020
973,30,8,2020
974,31,8,2020
975,1,9,2020
976,2,9,2020
977,3,9,2020
978,4,9,2020
979,5,9,2020
980,6,9,2020
981,7,9,2020
982,8,9,2020
983,9,9,2020
984,10,9,2020
985,11,9,2020
986,12,9,2020
987,13,9,2020
988,14,9,2020
989,15,9,2020
990,16,9,2020
991,17,9,2020
992,18,9,2020
993,19,9,2020
994,20,9,2020
995,21,9,2020
996,22,9,2020
997,23,9,2020
998,24,9,2020
999,25,9,2020
1000,26,9,2020
1001,27,9,2020
1002,28,9,2020
1003,29,9,2020
1004,30,9,2020
1005,1,10,2020
1006,2,10,2020
1007,3,10,2020
1008,4,10,2020
1009,5,10,2020
1010,6,10,2020
1011,7,10,2020
1012,8,10,2020
1013,9,10,2020
1014,10,10,2020
1015,11,10,2020
1016,12,10,2020
1017,13,10,2020
1018,14,10,2020
1019,15,10,2020
1020,16,10,2020
1021,17,10,2020
1022,18,10,2020
1023,19,10,2020
1024,20,10,2020
1025,21,10,2020
1026,22,10,2020
1027,23,10,2020
1028,24,10,2020
1029,25,10,2020
1030,26,10,2020
1031,27,10,2020
1032,28,10,2020
1033,29,10,2020
1034,30,10,2020
1035,31,10,2020
1036,1,11,2020
1037,2,11,2020
1038,3,11,2020
1039,4,11,2020
1040,5,11,2020
1041,6,11,2020
1042,7,11,2020
1043,8,11,2020
1044,9,11,2020
1045,10,11,2020
1046,11,11,2020
1047,12,11,2020
1048,13,11,2020
1049,14,11,2020
1050,15,11,2020
1051,16,11,2020
1052,17,11,2020
1053,18,11,2020
1054,19,11,2020
1055,20,11,2020
1056,21,11,2020
1057,22,11,2020
1058,23,11,2020
1059,24,11,2020
1060,25,11,2020
1061,26,11,2020
1062,27,11,2020
1063,28,11,2020
1064,29,11,2020
1065,30,11,2020
1066,1,12,2020
1067,2,12,2020
1068,3,12,2020
1069,4,12,2020
1070,5,12,2020
1071,6,12,2020
1072,7,12,2020
1073,8,12,2020
1074,9,12,2020
1075,10,12,2020
1076,11,12,2020
1077,12,12,2020
1078,13,12,2020
1079,14,12,2020
1080,15,12,2020
1081,16,12,2020
1082,17,12,2020
1083,18,12,2020
1084,19,12,2020
1085,20,12,2020
1086,21,12,2020
1087,22,12,2020
1088,23,12,2020
1089,24,12,2020
1090,25,12,2020
1091,26,12,2020
1092,27,12,2020
1093,28,12,2020
1094,29,12,2020
1095,30,12,2020
1096,31,12,2020
1097,1,1,2021
1098,2,1,2021
1099,3,1,2021
1100,4,1,2021
1101,5,1,2021
1102,6,1,2021
1103,7,1,2021
1104,8,1,2021
1105,9,1,2021
1106,10,1,2021
1107,11,1,2021
1108,12,1,2021
1109,13,1,2021
1110,14,1,2021
1111,15,1,2021
1112,16,1,2021
1113,17,1,2021
1114,18,1,2021
1115,19,1,2021
1116,20,1,2021
1117,21,1,2021
1118,22,1,2021
1119,23,1,2021
1120,24,1,2021
1121,25,1,2021
1122,26,1,2021
1123,27,1,2021
1124,28,1,2021
1125,29,1,2021
1126,30,1,2021
1127,31,1,2021
1128,1,2,2021
1129,2,2,2021
1130,3,2,2021
1131,4,2,2021
1132,5,2,2021
1133,6,2,2021
1134,7,2,2021
1135,8,2,2021
1136,9,2,2021
1137,10,2,2021
1138,11,2,2021
1139,12,2,2021
1140,13,2,2021
1141,14,2,2021
1142,15,2,2021
1143,16,2,2021
1144,17,2,2021
1145,18,2,2021
1146,19,2,2021
1147,20,2,2021
1148,21,2,2021
1149,22,2,2021
1150,23,2,2021
1151,24,2,2021
1152,25,2,2021
1153,26,2,2021
1154,27,2,2021
1155,28,2,2021
1156,1,3,2021
1157,2,3,2021
1158,3,3,2021
1159,4,3,2021
1160,5,3,2021
1161,6,3,2021
1162,7,3,2021
1163,8,3,2021
1164,9,3,2021
1165,10,3,2021
1166,11,3,2021
1167,12,3,2021
1168,13,3,2021
1169,14,3,2021
1170,15,3,2021
1171,16,3,2021
1172,17,3,2021
1173,18,3,2021
1174,19,3,2021
1175,20,3,2021
1176,21,3,2021
1177,22,3,2021
1178,23,3,2021
1179,24,3,2021
1180,25,3,2021
1181,26,3,2021
1182,27,3,2021
1183,28,3,2021
1184,29,3,2021
1185,30,3,2021
1186,31,3,2021
1187,1,4,2021
1188,2,4,2021
1189,3,4,2021
1190,4,4,2021
1191,5,4,2021
1192,6,4,2021
1193,7,4,2021
1194,8,4,2021
1195,9,4,2021
1196,10,4,2021
1197,11,4,2021
1198,12,4,2021
1199,13,4,2021
1200,14,4,2021
1201,15,4,2021
1202,16,4,2021
1203,17,4,2021
1204,18,4,2021
1205,19,4,2021
1206,20,4,2021
1207,21,4,2021
1208,22,4,2021
1209,23,4,2021
1210,24,4,2021
1211,25,4,2021
1212,26,4,2021
1213,27,4,2021
1214,28,4,2021
1215,29,4,2021
1216,30,4,2021
1217,1,5,2021
1218,2,5,2021
1219,3,5,2021
1220,4,5,2021
1221,5,5,2021
1222,6,5,2021
1223,7,5,2021
1224,8,5,2021
1225,9,5,2021
1226,10,5,2021
1227,11,5,2021
1228,12,5,2021
1229,13,5,2021
1230,14,5,2021
1231,15,5,2021
1232,16,5,2021
1233,17,5,2021
1234,18,5,2021
1235,19,5,2021
1236,20,5,2021
1237,21,5,2021
1238,22,5,2021
1239,23,5,2021
1240,24,5,2021
1241,25,5,2021
1242,26,5,2021
1243,27,5,2021
1244,28,5,2021
1245,29,5,2021
1246,30,5,2021
1247,31,5,2021
1248,1,6,2021
1249,2,6,2021
1250,3,6,2021
1251,4,6,2021
1252,5,6,2021
1253,6,6,2021
1254,7,6,2021
1255,8,6,2021
1256,9,6,2021
1257,10,6,2021
1258,11,6,2021
1259,12,6,2021
1260,13,6,2021
1261,14,6,2021
1262,15,6,2021
1263,16,6,2021
1264,17,6,2021
1265,18,6,2021
1266,19,6,2021
1267,20,6,2021
1268,21,6,2021
1269,22,6,2021
1270,23,6,2021
1271,24,6,2021
1272,25,6,2021
1273,26,6,2021
1274,27,6,2021
1275,28,6,2021
1276,29,6,2021
1277,30,6,2021
1278,1,7,2021
1279,2,7,2021
1280,3,7,2021
1281,4,7,2021
1282,5,7,2021
1283,6,7,2021
1284,7,7,2021
1285,8,7,2021
1286,9,7,2021
1287,10,7,2021
1288,11,7,2021
1289,12,7,2021
1290,13,7,2021
1291,14,7,2021
1292,15,7,2021
1293,16,7,2021
1294,17,7,2021
1295,18,7,2021
1296,19,7,2021
1297,20,7,2021
1298,21,7,2021
1299,22,7,2021
1300,23,7,2021
1301,24,7,2021
1302,25,7,2021
1303,26,7,2021
1304,27,7,2021
1305,28,7,2021
1306,29,7,2021
1307,30,7,2021
1308,31,7,2021
1309,1,8,2021
1310,2,8,2021
1311,3,8,2021
1312,4,8,2021
1313,5,8,2021
1314,6,8,2021
1315,7,8,2021
1316,8,8,2021
1317,9,8,2021
1318,10,8,2021
1319,11,8,2021
1320,12,8,2021
1321,13,8,2021
1322,14,8,2021
1323,15,8,2021
1324,16,8,2021
1325,17,8,2021
1326,18,8,2021
1327,19,8,2021
1328,20,8,2021
1329,21,8,2021
1330,22,8,2021
1331,23,8,2021
1332,24,8,2021
1333,25,8,2021
1334,26,8,2021
1335,27,8,2021
1336,28,8,2021
1337,29,8,2021
1338,30,8,2021
1339,31,8,2021
1340,1,9,2021
1341,2,9,2021
1342,3,9,2021
1343,4,9,2021
1344,5,9,2021
1345,6,9,2021
1346,7,9,2021
1347,8,9,2021
1348,9,9,2021
1349,10,9,2021
1350,11,9,2021
1351,12,9,2021
1352,13,9,2021
1353,14,9,2021
1354,15,9,2021
1355,16,9,2021
1356,17,9,2021
1357,18,9,2021
1358,19,9,2021
1359,20,9,2021
1360,21,9,2021
1361,22,9,2021
1362,23,9,2021
1363,24,9,2021
1364,25,9,2021
1365,26,9,2021
1366,27,9,2021
1367,28,9,2021
1368,29,9,2021
1369,30,9,2021
1370,1,10,2021
1371,2,10,2021
1372,3,10,2021
1373,4,10,2021
1374,5,10,2021
1375,6,10,2021
1376,7,10,2021
1377,8,10,2021
1378,9,10,2021
1379,10,10,2021
1380,11,10,2021
1381,12,10,2021
1382,13,10,2021
1383,14,10,2021
1384,15,10,2021
1385,16,10,2021
1386,17,10,2021
1387,18,10,2021
1388,19,10,2021
1389,20,10,2021
1390,21,10,2021
1391,22,10,2021
1392,23,10,2021
1393,24,10,2021
1394,25,10,2021
1395,26,10,2021
1396,27,10,2021
1397,28,10,2021
1398,29,10,2021
1399,30,10,2021
1400,31,10,2021
1401,1,11,2021
1402,2,11,2021
1403,3,11,2021
1404,4,11,2021
1405,5,11,2021
1406,6,11,2021
1407,7,11,2021
1408,8,11,2021
1409,9,11,2021
1410,10,11,2021
1411,11,11,2021
1412,12,11,2021
1413,13,11,2021
1414,14,11,2021
1415,15,11,2021
1416,16,11,2021
1417,17,11,2021
1418,18,11,2021
1419,19,11,2021
1420,20,11,2021
1421,21,11,2021
1422,22,11,2021
1423,23,11,2021
1424,24,11,2021
1425,25,11,2021
1426,26,11,2021
1427,27,11,2021
1428,28,11,2021
1429,29,11,2021
1430,30,11,2021
1431,1,12,2021
1432,2,12,2021
1433,3,12,2021
1434,4,12,2021
1435,5,12,2021
1436,6,12,2021
1437,7,12,2021
1438,8,12,2021
1439,9,12,2021
1440,10,12,2021
1441,11,12,2021
1442,12,12,2021
1443,13,12,2021
1444,14,12,2021
1445,15,12,2021
1446,16,12,2021
1447,17,12,2021
1448,18,12,2021
1449,19,12,2021
1450,20,12,2021
1451,21,12,2021
1452,22,12,2021
1453,23,12,2021
1454,24,12,2021
1455,25,12,2021
1456,26,12,2021
1457,27,12,2021
1458,28,12,2021
1459,29,12,2021
1460,30,12,2021
1461,31,12,2021
1462,1,1,2022
1463,2,1,2022
1464,3,1,2022
1465,4,1,2022
1466,5,1,2022
1467,6,1,2022
1468,7,1,2022
1469,8,1,2022
1470,9,1,2022
1471,10,1,2022
1472,11,1,2022
1473,12,1,2022
1474,13,1,2022
1475,14,1,2022
1476,15,1,2022
1477,16,1,2022
1478,17,1,2022
1479,18,1,2022
1480,19,1,2022
1481,20,1,2022
1482,21,1,2022
1483,22,1,2022
1484,23,1,2022
1485,24,1,2022
1486,25,1,2022
1487,26,1,2022
1488,27,1,2022
1489,28,1,2022
1490,29,1,2022
1491,30,1,2022
1492,31,1,2022
1493,1,2,2022
1494,2,2,2022
1495,3,2,2022
1496,4,2,2022
1497,5,2,2022
1498,6,2,2022
1499,7,2,2022
1500,8,2,2022
1501,9,2,2022
1502,10,2,2022
1503,11,2,2022
1504,12,2,2022
1505,13,2,2022
1506,14,2,2022
1507,15,2,2022
1508,16,2,2022
1509,17,2,2022
1510,18,2,2022
1511,19,2,2022
1512,20,2,2022
1513,21,2,2022
1514,22,2,2022
1515,23,2,2022
1516,24,2,2022
1517,25,2,2022
1518,26,2,2022
1519,27,2,2022
1520,28,2,2022
1521,1,3,2022
1522,2,3,2022
1523,3,3,2022
1524,4,3,2022
1525,5,3,2022
1526,6,3,2022
1527,7,3,2022
1528,8,3,2022
1529,9,3,2022
1530,10,3,2022
1531,11,3,2022
1532,12,3,2022
1533,13,3,2022
1534,14,3,2022
1535,15,3,2022
1536,16,3,2022
1537,17,3,2022
1538,18,3,2022
1539,19,3,2022
1540,20,3,2022
1541,21,3,2022
1542,22,3,2022
1543,23,3,2022
1544,24,3,2022
1545,25,3,2022
1546,26,3,2022
1547,27,3,2022
1548,28,3,2022
1549,29,3,2022
1550,30,3,2022
1551,31,3,2022
1552,1,4,2022
1553,2,4,2022
1554,3,4,2022
1555,4,4,2022
1556,5,4,2022
1557,6,4,2022
1558,7,4,2022
1559,8,4,2022
1560,9,4,2022
1561,10,4,2022
1562,11,4,2022
1563,12,4,2022
1564,13,4,2022
1565,14,4,2022
1566,15,4,2022
1567,16,4,2022
1568,17,4,2022
1569,18,4,2022
1570,19,4,2022
1571,20,4,2022
1572,21,4,2022
1573,22,4,2022
1574,23,4,2022
1575,24,4,2022
1576,25,4,2022
1577,26,4,2022
1578,27,4,2022
1579,28,4,2022
1580,29,4,2022
1581,30,4,2022
1582,1,5,2022
1583,2,5,2022
1584,3,5,2022
1585,4,5,2022
1586,5,5,2022
1587,6,5,2022
1588,7,5,2022
1589,8,5,2022
1590,9,5,2022
1591,10,5,2022
1592,11,5,2022
1593,12,5,2022
1594,13,5,2022
1595,14,5,2022
1596,15,5,2022
1597,16,5,2022
1598,17,5,2022
1599,18,5,2022
1600,19,5,2022
1601,20,5,2022
1602,21,5,2022
1603,22,5,2022
1604,23,5,2022
1605,24,5,2022
1606,25,5,2022
1607,26,5,2022
1608,27,5,2022
1609,28,5,2022
1610,29,5,2022
1611,30,5,2022
1612,31,5,2022
1613,1,6,2022
1614,2,6,2022
1615,3,6,2022
1616,4,6,2022
1617,5,6,2022
1618,6,6,2022
1619,7,6,2022
1620,8,6,2022
1621,9,6,2022
1622,10,6,2022
1623,11,6,2022
1624,12,6,2022
1625,13,6,2022
1626,14,6,2022
1627,15,6,2022
1628,16,6,2022
1629,17,6,2022
1630,18,6,2022
1631,19,6,2022
1632,20,6,2022
1633,21,6,2022
1634,22,6,2022
1635,23,6,2022
1636,24,6,2022
1637,25,6,2022
1638,26,6,2022
1639,27,6,2022
1640,28,6,2022
1641,29,6,2022
1642,30,6,2022
1643,1,7,2022
1644,2,7,2022
1645,3,7,2022
1646,4,7,2022
1647,5,7,2022
1648,6,7,2022
1649,7,7,2022
1650,8,7,2022
1651,9,7,2022
1652,10,7,2022
1653,11,7,2022
1654,12,7,2022
1655,13,7,2022
1656,14,7,2022
1657,15,7,2022
1658,16,7,2022
1659,17,7,2022
1660,18,7,2022
1661,19,7,2022
1662,20,7,2022
1663,21,7,2022
1664,22,7,2022
1665,23,7,2022
1666,24,7,2022
1667,25,7,2022
1668,26,7,2022
1669,27,7,2022
1670,28,7,2022
1671,29,7,2022
1672,30,7,2022
1673,31,7,2022
1674,1,8,2022
1675,2,8,2022
1676,3,8,2022
1677,4,8,2022
1678,5,8,2022
1679,6,8,2022
1680,7,8,2022
1681,8,8,2022
1682,9,8,2022
1683,10,8,2022
1684,11,8,2022
1685,12,8,2022
1686,13,8,2022
1687,14,8,2022
1688,15,8,2022
1689,16,8,2022
1690,17,8,2022
1691,18,8,2022
1692,19,8,2022
1693,20,8,2022
1694,21,8,2022
1695,22,8,2022
1696,23,8,2022
1697,24,8,2022
1698,25,8,2022
1699,26,8,2022
1700,27,8,2022
1701,28,8,2022
1702,29,8,2022
1703,30,8,2022
1704,31,8,2022
1705,1,9,2022
1706,2,9,2022
1707,3,9,2022
1708,4,9,2022
1709,5,9,2022
1710,6,9,2022
1711,7,9,2022
1712,8,9,2022
1713,9,9,2022
1714,10,9,2022
1715,11,9,2022
1716,12,9,2022
1717,13,9,2022
1718,14,9,2022
1719,15,9,2022
1720,16,9,2022
1721,17,9,2022
1722,18,9,2022
1723,19,9,2022
1724,20,9,2022
1725,21,9,2022
1726,22,9,2022
1727,23,9,2022
1728,24,9,2022
1729,25,9,2022
1730,26,9,2022
1731,27,9,2022
1732,28,9,2022
1733,29,9,2022
1734,30,9,2022
1735,1,10,2022
1736,2,10,2022
1737,3,10,2022
1738,4,10,2022
1739,5,10,2022
1740,6,10,2022
1741,7,10,2022
1742,8,10,2022
1743,9,10,2022
1744,10,10,2022
1745,11,10,2022
1746,12,10,2022
1747,13,10,2022
1748,14,10,2022
1749,15,10,2022
1750,16,10,2022
1751,17,10,2022
1752,18,10,2022
1753,19,10,2022
1754,20,10,2022
1755,21,10,2022
1756,22,10,2022
1757,23,10,2022
1758,24,10,2022
1759,25,10,2022
1760,26,10,2022
1761,27,10,2022
1762,28,10,2022
1763,29,10,2022
1764,30,10,2022
1765,31,10,2022
1766,1,11,2022
1767,2,11,2022
1768,3,11,2022
1769,4,11,2022
1770,5,11,2022
1771,6,11,2022
1772,7,11,2022
1773,8,11,2022
1774,9,11,2022
1775,10,11,2022
1776,11,11,2022
1777,12,11,2022
1778,13,11,2022
1779,14,11,2022
1780,15,11,2022
1781,16,11,2022
1782,17,11,2022
1783,18,11,2022
1784,19,11,2022
1785,20,11,2022
1786,21,11,2022
1787,22,11,2022
1788,23,11,2022
1789,24,11,2022
1790,25,11,2022
1791,26,11,2022
1792,27,11,2022
1793,28,11,2022
1794,29,11,2022
1795,30,11,2022
1796,1,12,2022
1797,2,12,2022
1798,3,12,2022
1799,4,12,2022
1800,5,12,2022
1801,6,12,2022
1802,7,12,2022
1803,8,12,2022
1804,9,12,2022
1805,10,12,2022
1806,11,12,2022
1807,12,12,2022
1808,13,12,2022
1809,14,12,2022
1810,15,12,2022
1811,16,12,2022
1812,17,12,2022
1813,18,12,2022
1814,19,12,2022
1815,20,12,2022
1816,21,12,2022
1817,22,12,2022
1818,23,12,2022
1819,24,12,2022
1820,25,12,2022
1821,26,12,2022
1822,27,12,2022
1823,28,12,2022
1824,29,12,2022
1825,30,12,2022
1826,31,12,2022
1827,1,1,2023
1828,2,1,2023
1829,3,1,2023
1830,4,1,2023
1831,5,1,2023
1832,6,1,2023
1833,7,1,2023
1834,8,1,2023
1835,9,1,2023
1836,10,1,2023
1837,11,1,2023
1838,12,1,2023
1839,13,1,2023
1840,14,1,2023
1841,15,1,2023
1842,16,1,2023
1843,17,1,2023
1844,18,1,2023
1845,19,1,2023
1846,20,1,2023
1847,21,1,2023
1848,22,1,2023
1849,23,1,2023
1850,24,1,2023
1851,25,1,2023
1852,26,1,2023
1853,27,1,2023
1854,28,1,2023
1855,29,1,2023
1856,30,1,2023
1857,31,1,2023
1858,1,2,2023
1859,2,2,2023
1860,3,2,2023
1861,4,2,2023
1862,5,2,2023
1863,6,2,2023
1864,7,2,2023
1865,8,2,2023
1866,9,2,2023
1867,10,2,2023
1868,11,2,2023
1869,12,2,2023
1870,13,2,2023
1871,14,2,2023
1872,15,2,2023
1873,16,2,2023
1874,17,2,2023
1875,18,2,2023
1876,19,2,2023
1877,20,2,2023
1878,21,2,2023
1879,22,2,2023
1880,23,2,2023
1881,24,2,2023
1882,25,2,2023
1883,26,2,2023
1884,27,2,2023
1885,28,2,2023
1886,1,3,2023
1887,2,3,2023
1888,3,3,2023
1889,4,3,2023
1890,5,3,2023
1891,6,3,2023
1892,7,3,2023
1893,8,3,2023
1894,9,3,2023
1895,10,3,2023
1896,11,3,2023
1897,12,3,2023
1898,13,3,2023
1899,14,3,2023
1900,15,3,2023
1901,16,3,2023
1902,17,3,2023
1903,18,3,2023
1904,19,3,2023
1905,20,3,2023
1906,21,3,2023
1907,22,3,2023
1908,23,3,2023
1909,24,3,2023
1910,25,3,2023
1911,26,3,2023
1912,27,3,2023
1913,28,3,2023
1914,29,3,2023
1915,30,3,2023
1916,31,3,2023
1917,1,4,2023
1918,2,4,2023
1919,3,4,2023
1920,4,4,2023
1921,5,4,2023
1922,6,4,2023
1923,7,4,2023
1924,8,4,2023
1925,9,4,2023
1926,10,4,2023
1927,11,4,2023
1928,12,4,2023
1929,13,4,2023
1930,14,4,2023
1931,15,4,2023
1932,16,4,2023
1933,17,4,2023
1934,18,4,2023
1935,19,4,2023
1936,20,4,2023
1937,21,4,2023
1938,22,4,2023
1939,23,4,2023
1940,24,4,2023
1941,25,4,2023
1942,26,4,2023
1943,27,4,2023
1944,28,4,2023
1945,29,4,2023
1946,30,4,2023
1947,1,5,2023
1948,2,5,2023
1949,3,5,2023
1950,4,5,2023
1951,5,5,2023
1952,6,5,2023
1953,7,5,2023
1954,8,5,2023
1955,9,5,2023
1956,10,5,2023
1957,11,5,2023
1958,12,5,2023
1959,13,5,2023
1960,14,5,2023
1961,15,5,2023
1962,16,5,2023
1963,17,5,2023
1964,18,5,2023
1965,19,5,2023
1966,20,5,2023
1967,21,5,2023
1968,22,5,2023
1969,23,5,2023
1970,24,5,2023
1971,25,5,2023
1972,26,5,2023
1973,27,5,2023
1974,28,5,2023
1975,29,5,2023
1976,30,5,2023
1977,31,5,2023
1978,1,6,2023
1979,2,6,2023
1980,3,6,2023
1981,4,6,2023
1982,5,6,2023
1983,6,6,2023
1984,7,6,2023
1985,8,6,2023
1986,9,6,2023
1987,10,6,2023
1988,11,6,2023
1989,12,6,2023
1990,13,6,2023
1991,14,6,2023
1992,15,6,2023
1993,16,6,2023
1994,17,6,2023
1995,18,6,2023
1996,19,6,2023
1997,20,6,2023
1998,21,6,2023
1999,22,6,2023
2000,23,6,2023
2001,24,6,2023
2002,25,6,2023
2003,26,6,2023
2004,27,6,2023
2005,28,6,2023
2006,29,6,2023
2007,30,6,2023
2008,1,7,2023
2009,2,7,2023
2010,3,7,2023
2011,4,7,2023
2012,5,7,2023
2013,6,7,2023
2014,7,7,2023
2015,8,7,2023
2016,9,7,2023
2017,10,7,2023
2018,11,7,2023
2019,12,7,2023
2020,13,7,2023
2021,14,7,2023
2022,15,7,2023
2023,16,7,2023
2024,17,7,2023
2025,18,7,2023
2026,19,7,2023
2027,20,7,2023
2028,21,7,2023
2029,22,7,2023
2030,23,7,2023
2031,24,7,2023
2032,25,7,2023
2033,26,7,2023
2034,27,7,2023
2035,28,7,2023
2036,29,7,2023
2037,30,7,2023
2038,31,7,2023
2039,1,8,2023
2040,2,8,2023
2041,3,8,2023
2042,4,8,2023
2043,5,8,2023
2044,6,8,2023
2045,7,8,2023
2046,8,8,2023
2047,9,8,2023
2048,10,8,2023
2049,11,8,2023
2050,12,8,2023
2051,13,8,2023
2052,14,8,2023
2053,15,8,2023
2054,16,8,2023
2055,17,8,2023
2056,18,8,2023
2057,19,8,2023
2058,20,8,2023
2059,21,8,2023
2060,22,8,2023
2061,23,8,2023
2062,24,8,2023
2063,25,8,2023
2064,26,8,2023
2065,27,8,2023
2066,28,8,2023
2067,29,8,2023
2068,30,8,2023
2069,31,8,2023
2070,1,9,2023
2071,2,9,2023
2072,3,9,2023
2073,4,9,2023
2074,5,9,2023
2075,6,9,2023
2076,7,9,2023
2077,8,9,2023
2078,9,9,2023
2079,10,9,2023
2080,11,9,2023
2081,12,9,2023
2082,13,9,2023
2083,14,9,2023
2084,15,9,2023
2085,16,9,2023
2086,17,9,2023
2087,18,9,2023
2088,19,9,2023
2089,20,9,2023
2090,21,9,2023
2091,22,9,2023
2092,23,9,2023
2093,24,9,2023
2094,25,9,2023
2095,26,9,2023
2096,27,9,2023
2097,28,9,2023
2098,29,9,2023
2099,30,9,2023
2100,1,10,2023
2101,2,10,2023
2102,3,10,2023
2103,4,10,2023
2104,5,10,2023
2105,6,10,2023
2106,7,10,2023
2107,8,10,2023
2108,9,10,2023
2109,10,10,2023
2110,11,10,2023
2111,12,10,2023
2112,13,10,2023
2113,14,10,2023
2114,15,10,2023
2115,16,10,2023
2116,17,10,2023
2117,18,10,2023
2118,19,10,2023
2119,20,10,2023
2120,21,10,2023
2121,22,10,2023
2122,23,10,2023
2123,24,10,2023
2124,25,10,2023
2125,26,10,2023
2126,27,10,2023
2127,28,10,2023
2128,29,10,2023
2129,30,10,2023
2130,31,10,2023
2131,1,11,2023
2132,2,11,2023
2133,3,11,2023
2134,4,11,2023
2135,5,11,2023
2136,6,11,2023
2137,7,11,2023
2138,8,11,2023
2139,9,11,2023
2140,10,11,2023
2141,11,11,2023
2142,12,11,2023
2143,13,11,2023
2144,14,11,2023
2145,15,11,2023
2146,16,11,2023
2147,17,11,2023
2148,18,11,2023
2149,19,11,2023
2150,20,11,2023
2151,21,11,2023
2152,22,11,2023
2153,23,11,2023
2154,24,11,2023
2155,25,11,2023
2156,26,11,2023
2157,27,11,2023
2158,28,11,2023
2159,29,11,2023
2160,30,11,2023
2161,1,12,2023
2162,2,12,2023
2163,3,12,2023
2164,4,12,2023
2165,5,12,2023
2166,6,12,2023
2167,7,12,2023
2168,8,12,2023
2169,9,12,2023
2170,10,12,2023
2171,11,12,2023
2172,12,12,2023
2173,13,12,2023
2174,14,12,2023
2175,15,12,2023
2176,16,12,2023
2177,17,12,2023
2178,18,12,2023
2179,19,12,2023
2180,20,12,2023
2181,21,12,2023
2182,22,12,2023
2183,23,12,2023
2184,24,12,2023
2185,25,12,2023
2186,26,12,2023
2187,27,12,2023
2188,28,12,2023
2189,29,12,2023
2190,30,12,2023
2191,31,12,2023
2192,1,1,2024
2193,2,1,2024
2194,3,1,2024
2195,4,1,2024
2196,5,1,2024
2197,6,1,2024
2198,7,1,2024
2199,8,1,2024
2200,9,1,2024
2201,10,1,2024
2202,11,1,2024
2203,12,1,2024
2204,13,1,2024
2205,14,1,2024
2206,15,1,2024
2207,16,1,2024
2208,17,1,2024
2209,18,1,2024
2210,19,1,2024
2211,20,1,2024
2212,21,1,2024
2213,22,1,2024
2214,23,1,2024
2215,24,1,2024
2216,25,1,2024
2217,26,1,2024
2218,27,1,2024
2219,28,1,2024
2220,29,1,2024
2221,30,1,2024
2222,31,1,2024
2223,1,2,2024
2224,2,2,2024
2225,3,2,2024
2226,4,2,2024
2227,5,2,2024
2228,6,2,2024
2229,7,2,2024
2230,8,2,2024
2231,9,2,2024
2232,10,2,2024
2233,11,2,2024
2234,12,2,2024
2235,13,2,2024
2236,14,2,2024
2237,15,2,2024
2238,16,2,2024
2239,17,2,2024
2240,18,2,2024
2241,19,2,2024
2242,20,2,2024
2243,21,2,2024
2244,22,2,2024
2245,23,2,2024
2246,24,2,2024
2247,25,2,2024
2248,26,2,2024
2249,27,2,2024
2250,28,2,2024
2251,29,2,2024
2252,1,3,2024
2253,2,3,2024
2254,3,3,2024
2255,4,3,2024
2256,5,3,2024
2257,6,3,2024
2258,7,3,2024
2259,8,3,2024
2260,9,3,2024
2261,10,3,2024
2262,11,3,2024
2263,12,3,2024
2264,13,3,2024
2265,14,3,2024
2266,15,3,2024
2267,16,3,2024
2268,17,3,2024
2269,18,3,2024
2270,19,3,2024
2271,20,3,2024
2272,21,3,2024
2273,22,3,2024
2274,23,3,2024
2275,24,3,2024
2276,25,3,2024
2277,26,3,2024
2278,27,3,2024
2279,28,3,2024
2280,29,3,2024
2281,30,3,2024
2282,31,3,2024
2283,1,4,2024
2284,2,4,2024
2285,3,4,2024
2286,4,4,2024
2287,5,4,2024
2288,6,4,2024
2289,7,4,2024
2290,8,4,2024
2291,9,4,2024
2292,10,4,2024
2293,11,4,2024
2294,12,4,2024
2295,13,4,2024
2296,14,4,2024
2297,15,4,2024
2298,16,4,2024
2299,17,4,2024
2300,18,4,2024
2301,19,4,2024
2302,20,4,2024
2303,21,4,2024
2304,22,4,2024
2305,23,4,2024
2306,24,4,2024
2307,25,4,2024
2308,26,4,2024
2309,27,4,2024
2310,28,4,2024
2311,29,4,2024
2312,30,4,2024
2313,1,5,2024
2314,2,5,2024
2315,3,5,2024
2316,4,5,2024
2317,5,5,2024
2318,6,5,2024
2319,7,5,2024
2320,8,5,2024
2321,9,5,2024
2322,10,5,2024
2323,11,5,2024
2324,12,5,2024
2325,13,5,2024
2326,14,5,2024
2327,15,5,2024
2328,16,5,2024
2329,17,5,2024
2330,18,5,2024
2331,19,5,2024
2332,20,5,2024
2333,21,5,2024
2334,22,5,2024
2335,23,5,2024
2336,24,5,2024
2337,25,5,2024
2338,26,5,2024
2339,27,5,2024
2340,28,5,2024
2341,29,5,2024
2342,30,5,2024
2343,31,5,2024
2344,1,6,2024
2345,2,6,2024
2346,3,6,2024
2347,4,6,2024
2348,5,6,2024
2349,6,6,2024
2350,7,6,2024
2351,8,6,2024
2352,9,6,2024
2353,10,6,2024
2354,11,6,2024
2355,12,6,2024
2356,13,6,2024
2357,14,6,2024
2358,15,6,2024
2359,16,6,2024
2360,17,6,2024
2361,18,6,2024
2362,19,6,2024
2363,20,6,2024
2364,21,6,2024
2365,22,6,2024
2366,23,6,2024
2367,24,6,2024
2368,25,6,2024
2369,26,6,2024
2370,27,6,2024
2371,28,6,2024
2372,29,6,2024
2373,30,6,2024
2374,1,7,2024
2375,2,7,2024
2376,3,7,2024
2377,4,7,2024
2378,5,7,2024
2379,6,7,2024
2380,7,7,2024
2381,8,7,2024
2382,9,7,2024
2383,10,7,2024
2384,11,7,2024
2385,12,7,2024
2386,13,7,2024
2387,14,7,2024
2388,15,7,2024
2389,16,7,2024
2390,17,7,2024
2391,18,7,2024
2392,19,7,2024
2393,20,7,2024
2394,21,7,2024
2395,22,7,2024
2396,23,7,2024
2397,24,7,2024
2398,25,7,2024
2399,26,7,2024
2400,27,7,2024
2401,28,7,2024
2402,29,7,2024
2403,30,7,2024
2404,31,7,2024
2405,1,8,2024
2406,2,8,2024
2407,3,8,2024
2408,4,8,2024
2409,5,8,2024
2410,6,8,2024
2411,7,8,2024
2412,8,8,2024
2413,9,8,2024
2414,10,8,2024
2415,11,8,2024
2416,12,8,2024
2417,13,8,2024
2418,14,8,2024
2419,15,8,2024
2420,16,8,2024
2421,17,8,2024
2422,18,8,2024
2423,19,8,2024
2424,20,8,2024
2425,21,8,2024
2426,22,8,2024
2427,23,8,2024
2428,24,8,2024
2429,25,8,2024
2430,26,8,2024
2431,27,8,2024
2432,28,8,2024
2433,29,8,2024
2434,30,8,2024
2435,31,8,2024
2436,1,9,2024
2437,2,9,2024
2438,3,9,2024
2439,4,9,2024
2440,5,9,2024
2441,6,9,2024
2442,7,9,2024
2443,8,9,2024
2444,9,9,2024
2445,10,9,2024
2446,11,9,2024
2447,12,9,2024
2448,13,9,2024
2449,14,9,2024
2450,15,9,2024
2451,16,9,2024
2452,17,9,2024
2453,18,9,2024
2454,19,9,2024
2455,20,9,2024
2456,21,9,2024
2457,22,9,2024
2458,23,9,2024
2459,24,9,2024
2460,25,9,2024
2461,26,9,2024
2462,27,9,2024
2463,28,9,2024
2464,29,9,2024
2465,30,9,2024
2466,1,10,2024
2467,2,10,2024
2468,3,10,2024
2469,4,10,2024
2470,5,10,2024
2471,6,10,2024
2472,7,10,2024
2473,8,10,2024
2474,9,10,2024
2475,10,10,2024
2476,11,10,2024
2477,12,10,2024
2478,13,10,2024
2479,14,10,2024
2480,15,10,2024
2481,16,10,2024
2482,17,10,2024
2483,18,10,2024
2484,19,10,2024
2485,20,10,2024
2486,21,10,2024
2487,22,10,2024
2488,23,10,2024
2489,24,10,2024
2490,25,10,2024
2491,26,10,2024
2492,27,10,2024
2493,28,10,2024
2494,29,10,2024
2495,30,10,2024
2496,31,10,2024
2497,1,11,2024
2498,2,11,2024
2499,3,11,2024
2500,4,11,2024
2501,5,11,2024
2502,6,11,2024
2503,7,11,2024
2504,8,11,2024
2505,9,11,2024
2506,10,11,2024
2507,11,11,2024
2508,12,11,2024
2509,13,11,2024
2510,14,11,2024
2511,15,11,2024
2512,16,11,2024
2513,17,11,2024
2514,18,11,2024
2515,19,11,2024
2516,20,11,2024
2517,21,11,2024
2518,22,11,2024
2519,23,11,2024
2520,24,11,2024
2521,25,11,2024
2522,26,11,2024
2523,27,11,2024
2524,28,11,2024
2525,29,11,2024
2526,30,11,2024
2527,1,12,2024
2528,2,12,2024
2529,3,12,2024
2530,4,12,2024
2531,5,12,2024
2532,6,12,2024
2533,7,12,2024
2534,8,12,2024
2535,9,12,2024
2536,10,12,2024
2537,11,12,2024
2538,12,12,2024
2539,13,12,2024
2540,14,12,2024
2541,15,12,2024
2542,16,12,2024
2543,17,12,2024
2544,18,12,2024
2545,19,12,2024
2546,20,12,2024
2547,21,12,2024
2548,22,12,2024
2549,23,12,2024
2550,24,12,2024
2551,25,12,2024
2552,26,12,2024
2553,27,12,2024
2554,28,12,2024
2555,29,12,2024
2556,30,12,2024
2557,31,12,2024
2558,1,1,2025
2559,2,1,2025
2560,3,1,2025
2561,4,1,2025
2562,5,1,2025
2563,6,1,2025
2564,7,1,2025
2565,8,1,2025
2566,9,1,2025
2567,10,1,2025
2568,11,1,2025
2569,12,1,2025
2570,13,1,2025
2571,14,1,2025
2572,15,1,2025
2573,16,1,2025
2574,17,1,2025
2575,18,1,2025
2576,19,1,2025
2577,20,1,2025
2578,21,1,2025
2579,22,1,2025
2580,23,1,2025
2581,24,1,2025
2582,25,1,2025
2583,26,1,2025
2584,27,1,2025
2585,28,1,2025
2586,29,1,2025
2587,30,1,2025
2588,31,1,2025
2589,1,2,2025
2590,2,2,2025
2591,3,2,2025
2592,4,2,2025
2593,5,2,2025
2594,6,2,2025
2595,7,2,2025
2596,8,2,2025
2597,9,2,2025
2598,10,2,2025
2599,11,2,2025
2600,12,2,2025
2601,13,2,2025
2602,14,2,2025
2603,15,2,2025
2604,16,2,2025
2605,17,2,2025
2606,18,2,2025
2607,19,2,2025
2608,20,2,2025
2609,21,2,2025
2610,22,2,2025
2611,23,2,2025
2612,24,2,2025
2613,25,2,2025
2614,26,2,2025
2615,27,2,2025
2616,28,2,2025
2617,1,3,2025
2618,2,3,2025
2619,3,3,2025
2620,4,3,2025
2621,5,3,2025
2622,6,3,2025
2623,7,3,2025
2624,8,3,2025
2625,9,3,2025
2626,10,3,2025
2627,11,3,2025
2628,12,3,2025
2629,13,3,2025
2630,14,3,2025
2631,15,3,2025
2632,16,3,2025
2633,17,3,2025
2634,18,3,2025
2635,19,3,2025
2636,20,3,2025
2637,21,3,2025
2638,22,3,2025
2639,23,3,2025
2640,24,3,2025
2641,25,3,2025
2642,26,3,2025
2643,27,3,2025
2644,28,3,2025
2645,29,3,2025
2646,30,3,2025
2647,31,3,2025
2648,1,4,2025
2649,2,4,2025
2650,3,4,2025
2651,4,4,2025
2652,5,4,2025
2653,6,4,2025
2654,7,4,2025
2655,8,4,2025
2656,9,4,2025
2657,10,4,2025
2658,11,4,2025
2659,12,4,2025
2660,13,4,2025
2661,14,4,2025
2662,15,4,2025
2663,16,4,2025
2664,17,4,2025
2665,18,4,2025
2666,19,4,2025
2667,20,4,2025
2668,21,4,2025
2669,22,4,2025
2670,23,4,2025
2671,24,4,2025
2672,25,4,2025
2673,26,4,2025
2674,27,4,2025
2675,28,4,2025
2676,29,4,2025
2677,30,4,2025
2678,1,5,2025
2679,2,5,2025
2680,3,5,2025
2681,4,5,2025
2682,5,5,2025
2683,6,5,2025
2684,7,5,2025
2685,8,5,2025
2686,9,5,2025
2687,10,5,2025
2688,11,5,2025
2689,12,5,2025
2690,13,5,2025
2691,14,5,2025
2692,15,5,2025
2693,16,5,2025
2694,17,5,2025
2695,18,5,2025
2696,19,5,2025
2697,20,5,2025
2698,21,5,2025
2699,22,5,2025
2700,23,5,2025
2701,24,5,2025
2702,25,5,2025
2703,26,5,2025
2704,27,5,2025
2705,28,5,2025
2706,29,5,2025
2707,30,5,2025
2708,31,5,2025
2709,1,6,2025
2710,2,6,2025
2711,3,6,2025
2712,4,6,2025
2713,5,6,2025
2714,6,6,2025
2715,7,6,2025
2716,8,6,2025
2717,9,6,2025
2718,10,6,2025
2719,11,6,2025
2720,12,6,2025
2721,13,6,2025
2722,14,6,2025
2723,15,6,2025
2724,16,6,2025
2725,17,6,2025
2726,18,6,2025
2727,19,6,2025
2728,20,6,2025
2729,21,6,2025
2730,22,6,2025
2731,23,6,2025
2732,24,6,2025
2733,25,6,2025
2734,26,6,2025
2735,27,6,2025
2736,28,6,2025
2737,29,6,2025
2738,30,6,2025
2739,1,7,2025
2740,2,7,2025
2741,3,7,2025
2742,4,7,2025
2743,5,7,2025
2744,6,7,2025
2745,7,7,2025
2746,8,7,2025
2747,9,7,2025
2748,10,7,2025
2749,11,7,2025
2750,12,7,2025
2751,13,7,2025
2752,14,7,2025
2753,15,7,2025
2754,16,7,2025
2755,17,7,2025
2756,18,7,2025
2757,19,7,2025
2758,20,7,2025
2759,21,7,2025
2760,22,7,2025
2761,23,7,2025
2762,24,7,2025
2763,25,7,2025
2764,26,7,2025
2765,27,7,2025
2766,28,7,2025
2767,29,7,2025
2768,30,7,2025
2769,31,7,2025
2770,1,8,2025
2771,2,8,2025
2772,3,8,2025
2773,4,8,2025
2774,5,8,2025
2775,6,8,2025
2776,7,8,2025
2777,8,8,2025
2778,9,8,2025
2779,10,8,2025
2780,11,8,2025
2781,12,8,2025
2782,13,8,2025
2783,14,8,2025
2784,15,8,2025
2785,16,8,2025
2786,17,8,2025
2787,18,8,2025
2788,19,8,2025
2789,20,8,2025
2790,21,8,2025
2791,22,8,2025
2792,23,8,2025
2793,24,8,2025
2794,25,8,2025
2795,26,8,2025
2796,27,8,2025
2797,28,8,2025
2798,29,8,2025
2799,30,8,2025
2800,31,8,2025
2801,1,9,2025
2802,2,9,2025
2803,3,9,2025
2804,4,9,2025
2805,5,9,2025
2806,6,9,2025
2807,7,9,2025
2808,8,9,2025
2809,9,9,2025
2810,10,9,2025
2811,11,9,2025
2812,12,9,2025
2813,13,9,2025
2814,14,9,2025
2815,15,9,2025
2816,16,9,2025
2817,17,9,2025
2818,18,9,2025
2819,19,9,2025
2820,20,9,2025
2821,21,9,2025
2822,22,9,2025
2823,23,9,2025
2824,24,9,2025
2825,25,9,2025
2826,26,9,2025
2827,27,9,2025
2828,28,9,2025
2829,29,9,2025
2830,30,9,2025
2831,1,10,2025
2832,2,10,2025
2833,3,10,2025
2834,4,10,2025
2835,5,10,2025
2836,6,10,2025
2837,7,10,2025
2838,8,10,2025
2839,9,10,2025
2840,10,10,2025
2841,11,10,2025
2842,12,10,2025
2843,13,10,2025
2844,14,10,2025
2845,15,10,2025
2846,16,10,2025
2847,17,10,2025
2848,18,10,2025
2849,19,10,2025
2850,20,10,2025
2851,21,10,2025
2852,22,10,2025
2853,23,10,2025
2854,24,10,2025
2855,25,10,2025
2856,26,10,2025
2857,27,10,2025
2858,28,10,2025
2859,29,10,2025
2860,30,10,2025
2861,31,10,2025
2862,1,11,2025
2863,2,11,2025
2864,3,11,2025
2865,4,11,2025
2866,5,11,2025
2867,6,11,2025
2868,7,11,2025
2869,8,11,2025
2870,9,11,2025
2871,10,11,2025
2872,11,11,2025
2873,12,11,2025
2874,13,11,2025
2875,14,11,2025
2876,15,11,2025
2877,16,11,2025
2878,17,11,2025
2879,18,11,2025
2880,19,11,2025
2881,20,11,2025
2882,21,11,2025
2883,22,11,2025
2884,23,11,2025
2885,24,11,2025
2886,25,11,2025
2887,26,11,2025
2888,27,11,2025
2889,28,11,2025
2890,29,11,2025
2891,30,11,2025
2892,1,12,2025
2893,2,12,2025
2894,3,12,2025
2895,4,12,2025
2896,5,12,2025
2897,6,12,2025
2898,7,12,2025
2899,8,12,2025
2900,9,12,2025
2901,10,12,2025
2902,11,12,2025
2903,12,12,2025
2904,13,12,2025
2905,14,12,2025
2906,15,12,2025
2907,16,12,2025
2908,17,12,2025
2909,18,12,2025
2910,19,12,2025
2911,20,12,2025
2912,21,12,2025
2913,22,12,2025
2914,23,12,2025
2915,24,12,2025
2916,25,12,2025
2917,26,12,2025
2918,27,12,2025
2919,28,12,2025
2920,29,12,2025
2921,30,12,2025
2922,31,12,2025
2923,1,1,2026
2924,2,1,2026
2925,3,1,2026
2926,4,1,2026
2927,5,1,2026
2928,6,1,2026
2929,7,1,2026
2930,8,1,2026
2931,9,1,2026
2932,10,1,2026
2933,11,1,2026
2934,12,1,2026
2935,13,1,2026
2936,14,1,2026
2937,15,1,2026
2938,16,1,2026
2939,17,1,2026
2940,18,1,2026
2941,19,1,2026
2942,20,1,2026
2943,21,1,2026
2944,22,1,2026
2945,23,1,2026
2946,24,1,2026
2947,25,1,2026
2948,26,1,2026
2949,27,1,2026
2950,28,1,2026
2951,29,1,2026
2952,30,1,2026
2953,31,1,2026
2954,1,2,2026
2955,2,2,2026
2956,3,2,2026
2957,4,2,2026
2958,5,2,2026
2959,6,2,2026
2960,7,2,2026
2961,8,2,2026
2962,9,2,2026
2963,10,2,2026
2964,11,2,2026
2965,12,2,2026
2966,13,2,2026
2967,14,2,2026
2968,15,2,2026
2969,16,2,2026
2970,17,2,2026
2971,18,2,2026
2972,19,2,2026
2973,20,2,2026
2974,21,2,2026
2975,22,2,2026
2976,23,2,2026
2977,24,2,2026
2978,25,2,2026
2979,26,2,2026
2980,27,2,2026
2981,28,2,2026
2982,1,3,2026
2983,2,3,2026
2984,3,3,2026
2985,4,3,2026
2986,5,3,2026
2987,6,3,2026
2988,7,3,2026
2989,8,3,2026
2990,9,3,2026
2991,10,3,2026
2992,11,3,2026
2993,12,3,2026
2994,13,3,2026
2995,14,3,2026
2996,15,3,2026
2997,16,3,2026
2998,17,3,2026
2999,18,3,2026
3000,19,3,2026
3001,20,3,2026
3002,21,3,2026
3003,22,3,2026
3004,23,3,2026
3005,24,3,2026
3006,25,3,2026
3007,26,3,2026
3008,27,3,2026
3009,28,3,2026
3010,29,3,2026
3011,30,3,2026
3012,31,3,2026
3013,1,4,2026
3014,2,4,2026
3015,3,4,2026
3016,4,4,2026
3017,5,4,2026
3018,6,4,2026
3019,7,4,2026
3020,8,4,2026
3021,9,4,2026
3022,10,4,2026
3023,11,4,2026
3024,12,4,2026
3025,13,4,2026
3026,14,4,2026
3027,15,4,2026
3028,16,4,2026
3029,17,4,2026
3030,18,4,2026
3031,19,4,2026
3032,20,4,2026
3033,21,4,2026
3034,22,4,2026
3035,23,4,2026
3036,24,4,2026
3037,25,4,2026
3038,26,4,2026
3039,27,4,2026
3040,28,4,2026
3041,29,4,2026
3042,30,4,2026
3043,1,5,2026
3044,2,5,2026
3045,3,5,2026
3046,4,5,2026
3047,5,5,2026
3048,6,5,2026
3049,7,5,2026
3050,8,5,2026
3051,9,5,2026
3052,10,5,2026
3053,11,5,2026
3054,12,5,2026
3055,13,5,2026
3056,14,5,2026
3057,15,5,2026
3058,16,5,2026
3059,17,5,2026
3060,18,5,2026
3061,19,5,2026
3062,20,5,2026
3063,21,5,2026
3064,22,5,2026
3065,23,5,2026
3066,24,5,2026
3067,25,5,2026
3068,26,5,2026
3069,27,5,2026
3070,28,5,2026
3071,29,5,2026
3072,30,5,2026
3073,31,5,2026
3074,1,6,2026
3075,2,6,2026
3076,3,6,2026
3077,4,6,2026
3078,5,6,2026
3079,6,6,2026
3080,7,6,2026
3081,8,6,2026
3082,9,6,2026
3083,10,6,2026
3084,11,6,2026
3085,12,6,2026
3086,13,6,2026
3087,14,6,2026
3088,15,6,2026
3089,16,6,2026
3090,17,6,2026
3091,18,6,2026
3092,19,6,2026
3093,20,6,2026
3094,21,6,2026
3095,22,6,2026
3096,23,6,2026
3097,24,6,2026
3098,25,6,2026
3099,26,6,2026
3100,27,6,2026
3101,28,6,2026
3102,29,6,2026
3103,30,6,2026
3104,1,7,2026
3105,2,7,2026
3106,3,7,2026
3107,4,7,2026
3108,5,7,2026
3109,6,7,2026
3110,7,7,2026
3111,8,7,2026
3112,9,7,2026
3113,10,7,2026
3114,11,7,2026
3115,12,7,2026
3116,13,7,2026
3117,14,7,2026
3118,15,7,2026
3119,16,7,2026
3120,17,7,2026
3121,18,7,2026
3122,19,7,2026
3123,20,7,2026
3124,21,7,2026
3125,22,7,2026
3126,23,7,2026
3127,24,7,2026
3128,25,7,2026
3129,26,7,2026
3130,27,7,2026
3131,28,7,2026
3132,29,7,2026
3133,30,7,2026
3134,31,7,2026
3135,1,8,2026
3136,2,8,2026
3137,3,8,2026
3138,4,8,2026
3139,5,8,2026
3140,6,8,2026
3141,7,8,2026
3142,8,8,2026
3143,9,8,2026
3144,10,8,2026
3145,11,8,2026
3146,12,8,2026
3147,13,8,2026
3148,14,8,2026
3149,15,8,2026
3150,16,8,2026
3151,17,8,2026
3152,18,8,2026
3153,19,8,2026
3154,20,8,2026
3155,21,8,2026
3156,22,8,2026
3157,23,8,2026
3158,24,8,2026
3159,25,8,2026
3160,26,8,2026
3161,27,8,2026
3162,28,8,2026
3163,29,8,2026
3164,30,8,2026
3165,31,8,2026
3166,1,9,2026
3167,2,9,2026
3168,3,9,2026
3169,4,9,2026
3170,5,9,2026
3171,6,9,2026
3172,7,9,2026
3173,8,9,2026
3174,9,9,2026
3175,10,9,2026
3176,11,9,2026
3177,12,9,2026
3178,13,9,2026
3179,14,9,2026
3180,15,9,2026
3181,16,9,2026
3182,17,9,2026
3183,18,9,2026
3184,19,9,2026
3185,20,9,2026
3186,21,9,2026
3187,22,9,2026
3188,23,9,2026
3189,24,9,2026
3190,25,9,2026
3191,26,9,2026
3192,27,9,2026
3193,28,9,2026
3194,29,9,2026
3195,30,9,2026
3196,1,10,2026
3197,2,10,2026
3198,3,10,2026
3199,4,10,2026
3200,5,10,2026
3201,6,10,2026
3202,7,10,2026
3203,8,10,2026
3204,9,10,2026
3205,10,10,2026
3206,11,10,2026
3207,12,10,2026
3208,13,10,2026
3209,14,10,2026
3210,15,10,2026
3211,16,10,2026
3212,17,10,2026
3213,18,10,2026
3214,19,10,2026
3215,20,10,2026
3216,21,10,2026
3217,22,10,2026
3218,23,10,2026
3219,24,10,2026
3220,25,10,2026
3221,26,10,2026
3222,27,10,2026
3223,28,10,2026
3224,29,10,2026
3225,30,10,2026
3226,31,10,2026
3227,1,11,2026
3228,2,11,2026
3229,3,11,2026
3230,4,11,2026
3231,5,11,2026
3232,6,11,2026
3233,7,11,2026
3234,8,11,2026
3235,9,11,2026
3236,10,11,2026
3237,11,11,2026
3238,12,11,2026
3239,13,11,2026
3240,14,11,2026
3241,15,11,2026
3242,16,11,2026
3243,17,11,2026
3244,18,11,2026
3245,19,11,2026
3246,20,11,2026
3247,21,11,2026
3248,22,11,2026
3249,23,11,2026
3250,24,11,2026
3251,25,11,2026
3252,26,11,2026
3253,27,11,2026
3254,28,11,2026
3255,29,11,2026
3256,30,11,2026
3257,1,12,2026
3258,2,12,2026
3259,3,12,2026
3260,4,12,2026
3261,5,12,2026
3262,6,12,2026
3263,7,12,2026
3264,8,12,2026
3265,9,12,2026
3266,10,12,2026
3267,11,12,2026
3268,12,12,2026
3269,13,12,2026
3270,14,12,2026
3271,15,12,2026
3272,16,12,2026
3273,17,12,2026
3274,18,12,2026
3275,19,12,2026
3276,20,12,2026
3277,21,12,2026
3278,22,12,2026
3279,23,12,2026
3280,24,12,2026
3281,25,12,2026
3282,26,12,2026
3283,27,12,2026
3284,28,12,2026
3285,29,12,2026
3286,30,12,2026
3287,31,12,2026
3288,1,1,2027
3289,2,1,2027
3290,3,1,2027
3291,4,1,2027
3292,5,1,2027
3293,6,1,2027
3294,7,1,2027
3295,8,1,2027
3296,9,1,2027
3297,10,1,2027
3298,11,1,2027
3299,12,1,2027
3300,13,1,2027
3301,14,1,2027
3302,15,1,2027
3303,16,1,2027
3304,17,1,2027
3305,18,1,2027
3306,19,1,2027
3307,20,1,2027
3308,21,1,2027
3309,22,1,2027
3310,23,1,2027
3311,24,1,2027
3312,25,1,2027
3313,26,1,2027
3314,27,1,2027
3315,28,1,2027
3316,29,1,2027
3317,30,1,2027
3318,31,1,2027
3319,1,2,2027
3320,2,2,2027
3321,3,2,2027
3322,4,2,2027
3323,5,2,2027
3324,6,2,2027
3325,7,2,2027
3326,8,2,2027
3327,9,2,2027
3328,10,2,2027
3329,11,2,2027
3330,12,2,2027
3331,13,2,2027
3332,14,2,2027
3333,15,2,2027
3334,16,2,2027
3335,17,2,2027
3336,18,2,2027
3337,19,2,2027
3338,20,2,2027
3339,21,2,2027
3340,22,2,2027
3341,23,2,2027
3342,24,2,2027
3343,25,2,2027
3344,26,2,2027
3345,27,2,2027
3346,28,2,2027
3347,1,3,2027
3348,2,3,2027
3349,3,3,2027
3350,4,3,2027
3351,5,3,2027
3352,6,3,2027
3353,7,3,2027
3354,8,3,2027
3355,9,3,2027
3356,10,3,2027
3357,11,3,2027
3358,12,3,2027
3359,13,3,2027
3360,14,3,2027
3361,15,3,2027
3362,16,3,2027
3363,17,3,2027
3364,18,3,2027
3365,19,3,2027
3366,20,3,2027
3367,21,3,2027
3368,22,3,2027
3369,23,3,2027
3370,24,3,2027
3371,25,3,2027
